user,text
ArisaKamilia,kemandirian ekonomi santri di dukung oleh ganjar lewat Program Ekonomi Pesantren (EKOTREN) yang juga mendorong kema‚Ä¶ https://t.co/FIwTLeFSqK
benk_setia,RT @ziezie84187091: Halo para SLANKERS ada konser ultah slank yang ke 39 thn dan ada pak ganjar pranowo https://t.co/S3jvQ7ZNXA
BudiJangkrik27,@Sutikno37920576 @Taufiq13796699 @tangankubicara @keuangannews_id Intinya Pak Ganjar Pranowo menjalankan mandat seb‚Ä¶ https://t.co/zbMnE1leGJ
aa_angon2,"RT @aan_muba: AYO DUKUNG TOTAL GANJAR PRANOWO PRESIDEN 2024
#GANTARIüáÆüá© #2024ManutJokowi 
Note: tonton video sampai habis ü•∞ https://t.co/whb‚Ä¶"
setyawarni123,"RT @Hasbil_Lbs: Yg lalu Anies/AHY (1066 vote) Vs Ganjar/Khofifah (199 vote) 

Nah sekarang saya coba pasangan ini. Siapa yg akan anda pilih‚Ä¶"
MNubuwah,"RT @BangEdiii: gw kira ada apaan kok #jokodok trending, ternyata mas @ChusnulCh__ ngatain kepala negara jokodok.. ga sopan amat nih buzzer‚Ä¶"
Irmiku13,"RT @Y07d1_40s1H: DI DEPAN PRABOWO DIA BILANG 2024 JATAH Y PRABOWO..

DI DEPAN GANJAR DIA BILANG PILIHLAH PEMIMPIN YANG RAMBUT Y PUTIH..

DI‚Ä¶"
liest07list,"RT @Azhar_k18: Pak Jokowi endorse Ganjar Pranowo dengan Kode Keras,
Jika elektabilitas mencapai 50,1 % maka Bu Mega tak punya pilihan lain‚Ä¶"
sahnur_afinda,"RT @Aryprasetyo85: @ganjarpranowo menambahkan, cara ini bisa jadi solusi dalam kondisi kebencanaan seperti sekarang. 

#SahabatGanjar #Ganj‚Ä¶"
sahnur_afinda,"RT @Aryprasetyo85: Peringatan Hari Ulang Tahun Korpri ke 51 di Jawa Tengah berlangsung meriah. 

Gubernur Jateng @ganjarpranowo hadir dan m‚Ä¶"
sahnur_afinda,"RT @Aryprasetyo85: @ganjarpranowo mengatakan, siapapun korbannya harus dilindungi. Harapannya dengan kesadaran itu, tidak ada lagi keresaha‚Ä¶"
oradadiding,RT @giginpraginanto: Baru meghadapi mafia level Klaten aja gak berkutik apalagi yang di pusat kekuasaan. Jangan-jangan malah jadi antek. ht‚Ä¶
sahnur_afinda,"RT @Aryprasetyo85: Pembebasan lahan menjadi kendala pada pelaksanaan Proyek Tol Semarang-Demak seksi 1. Untuk itu, Gubernur Jawa Tengah @ga‚Ä¶"
haloho_santo,"Apabila ibu Megawati dan PDIP mendukung dan mencalonkan pak GANJAR PRANOWO menjadi RI 1, maka bisa di prediksi akan‚Ä¶ https://t.co/ceTi2nRb1g"
sahnur_afinda,RT @Aryprasetyo85: Gubernur Jawa Tengah @ganjarpranowo mengapresiasi semangat kemanusiaan dan persatuan yang dilakukan oleh Majelis Tinggi‚Ä¶
sahnur_afinda,"RT @Aryprasetyo85: Gaspollll Ganjar !!!!!!

Ramaikan Konvoi Motor Trail yang berlangsung di Kabupaten Kuningan pada Minggu, 4 Desember 2022‚Ä¶"
lengglangg,"RT @HelmiFelis_: Sorry tapi yang begini gak pantes untuk jadi BaCaPres

Bahkan untuk bakal calon saja sudah tidak pantas, sorry to say

Kit‚Ä¶"
AnggaSAP7,"RT @DokFun: Masalahnya, Bu Mega yang sudah makan asam garam politik itu apa bisa kena fear mongering macam gini? 

Atau malah semakin kesal‚Ä¶"
Suyarno13,"RT @BangEdiii: gw kira ada apaan kok #jokodok trending, ternyata mas @ChusnulCh__ ngatain kepala negara jokodok.. ga sopan amat nih buzzer‚Ä¶"
laki2enjoy,"RT @wantahgdn__: Lambungkan....
Jangan biarkan orang sebaik pak Ganjar Pranowo berjuang sendirian menuju presiden 2024.

#GanjarPranowo
#GA‚Ä¶"
bams_1eng,"RT @wantahgdn__: Lambungkan....
Jangan biarkan orang sebaik pak Ganjar Pranowo berjuang sendirian menuju presiden 2024.

#GanjarPranowo
#GA‚Ä¶"
RepelitaO,"Ada Oknum yang Bocorkan Rencana Ganjar Atasi Tambang Ilegal, Susi Pudjiastuti: Tenggelamkan Saja yang Bocorin Pak https://t.co/6jSXPuZRpu"
liest07list,"RT @Midjan_La_2: Sampai sini aku sudah faham üòä

Kode Pak Dhe untuk duet  Capres 2024üòé

Ganjar Pranowo üòçüòé https://t.co/VCqZFfd1vt"
liest07list,"RT @Azhar_k18: Charta Politika Indonesia melakukan simulasi elektabilitas 3 nama capres.
 
Hasilnya, Ganjar Pranowo kembali mengungguli Ani‚Ä¶"
sandradeviz,"RT @OposisiCerdas: Jokowi Pertegas Lagi Pernyataan Soal Pemimpin Berambut Putih: Ada Nama Ganjar dan Hatta
https://t.co/L3ipmM8JLa"
PanglimaSilihw1,"@umarhasibuan757 Yang norak elu Umar.. kerjaan cuma moles si Abud jelekin Ganjar, begitu terus sampe nanti pak Ganj‚Ä¶ https://t.co/1rFRgWlVZW"
sahnur_afinda,RT @Dharma_tc: @RenaHoston178 @tnmuda @Gelang_Alit2 @AntoniusCDN @buckmano555 @Aryprasetyo85 @007koteka @B3doel___ @ByuCyd @denni_sauya Rel‚Ä¶
ex_AnakLolina,"RT @AirinAirin_NZ: DiFitnah‚úÖ
DiCaci Maki‚úÖ
Di Gembosi‚úÖ
Apakah @ganjarpranowo membalasnya? TIDAK..
Ganjar hanya bisa diam &amp; Terus bekerja.

D‚Ä¶"
SalimCipok,"RT @DewiOzza: #GanjarPranowo merespons persoalan tambang pasir ilegal ini Ganjar menyebut ada beking 'besar'.
Tak lama, Ganjar pun melakuka‚Ä¶"
HendraI02096030,"RT @Y07d1_40s1H: DI DEPAN PRABOWO DIA BILANG 2024 JATAH Y PRABOWO..

DI DEPAN GANJAR DIA BILANG PILIHLAH PEMIMPIN YANG RAMBUT Y PUTIH..

DI‚Ä¶"
Arifin2Zainal,"RT @tangankubicara: @keuangannews_id INTINYA, CUKUP JATENG SAJA YANG MERASAKAN KEBOBROKAN KEPEMIMPINAN SEORANG GANJAR....JANGAN SAMPAI SELU‚Ä¶"
Niawahdania667,RT @Neng_Anyar: @ganjarpranowo Klu sprt itu Ganjar sdg berpolitik identitas gak ya @yusuf_dumdum_ @Dennysiregar7 @jokowi @Uki23 ?? Yg bisa‚Ä¶
gerandongcantik,"RT @wantahgdn__: Lambungkan....
Jangan biarkan orang sebaik pak Ganjar Pranowo berjuang sendirian menuju presiden 2024.

#GanjarPranowo
#GA‚Ä¶"
samiraara2,"Ganjar dan Erick Thohir bisa membawa kemajuan

#KitaHadapiKitaAtasi #kerjanyata #ErickThohir #ethosukabumi‚Ä¶ https://t.co/4ytJSWgefk"
aricksand,"RT @Y07d1_40s1H: DI DEPAN PRABOWO DIA BILANG 2024 JATAH Y PRABOWO..

DI DEPAN GANJAR DIA BILANG PILIHLAH PEMIMPIN YANG RAMBUT Y PUTIH..

DI‚Ä¶"
wantahgdn__,"Lambungkan....
Jangan biarkan orang sebaik pak Ganjar Pranowo berjuang sendirian menuju presiden 2024.‚Ä¶ https://t.co/mAwqsMQ3ex"
IrmaliaPondaag,Ganjar mengusulkan dibukanya desk untuk pelaporan bagi masyarakat ketika di wilayah tempat tinggalnya ditemukan tam‚Ä¶ https://t.co/IRaDafIoiO
Kuswoyo66546260,@Warsono162 @Sunrise010170 @BPJSKesehatanRI Deket pk ganjar .. Njalok di gebres kerja klular klulur
tarwotowsg96,@na_inblack Pak Ganjar Pranowo penerus Nawacita  pembangunan lima tahun ke depan. Sembilan prioritas itu dulu menja‚Ä¶ https://t.co/aL8siDGhw2
IrmaliaPondaag,Bahagianya warga Jawa Tengah mendapatkan rumah DP nol persen dari program Bantuan Rumah yang di gagas oleh Ganjar.‚Ä¶ https://t.co/zu3yKS3WVk
Niawahdania667,"RT @_valino15: @ganjarpranowo hati2 dimarahin relawan lu sendiri
https://t.co/hrk9iZ07nF"
gatot30,"RT @Relawananies: Kehadiran Anies di Muktamar ke-41 Al-Irsyad Digantikan Ganjar, Refly Harun: Takut Anies Makin Populer

https://t.co/EttpA‚Ä¶"
IrmaliaPondaag,Jawa Tengah dibawah kepemimpinan Ganjar pernah dinobatkan sebagai juara umum antikorupsi versi kpk 2018 dan 2020.‚Ä¶ https://t.co/gXA0RmT38o
Fixtech7,RT @ziezie84187091: Halo para SLANKERS ada konser ultah slank yang ke 39 thn dan ada pak ganjar pranowo https://t.co/S3jvQ7ZNXA
arsyakindo100,"@Candra4smara artinya: ganjar itu pilihan cebong, yang bukan cebong jangan memilih.."
Embunpa01390476,@ChusnulCh__ Cenul ini emg otaknya bunggul parahhhh..dl Anis py program itu ahokers jambaners buzzerrp laknat.cebon‚Ä¶ https://t.co/dQGFBKy3Qo
Abercio_Wiwoho,"RT @win_ardie: Di pasangkan dengan siapapun @ganjarpranowo tetap unggul.. 
Wes.. Pokok e Ganjar.. 
Ora liyan√©.. https://t.co/vaaAiL2jiG"
PondaagI,Ganjar mengusulkan dibukanya desk untuk pelaporan bagi masyarakat ketika di wilayah tempat tinggalnya ditemukan tam‚Ä¶ https://t.co/zLKiBk3Fzf
PondaagI,Bahagianya warga Jawa Tengah mendapatkan rumah DP nol persen dari program Bantuan Rumah yang di gagas oleh Ganjar.‚Ä¶ https://t.co/8NnzpkopQU
11ribu_T,"@KompasTV Dia sendiri enggak sadar sdng mengadu domba antara pendukung ganjar dng pendukung Anies.
üòÇüòÇüòÇ"
SamiajiBonnar,"RT @Midjan_La_2: Sampai sini aku sudah faham üòä

Kode Pak Dhe untuk duet  Capres 2024üòé

Ganjar Pranowo üòçüòé https://t.co/VCqZFfd1vt"
semangalitow,"RT @ChusnulCh__: Tanpa DP, tanpa angsuran, tanpa bermasalah di KPK, dan tanpa kata2 manies menipu demi menang Pilkada.

Bahagianya Warga Ja‚Ä¶"
detikfinance,Perhimpunan Ahli Pertambangan Indonesia (Perhapi) buka suara mengenai keberadaan beking pada tambang ilegal. https://t.co/nwALzMf0Ev
Raaj_889,RT @giginpraginanto: Baru meghadapi mafia level Klaten aja gak berkutik apalagi yang di pusat kekuasaan. Jangan-jangan malah jadi antek. ht‚Ä¶
Ichan_Pitoeng,"RT @NetizenZulid: Tiba tiba suara BuzzeRp hilang ga bersuara ketika ganjar mainkan politik identitas

mana yg selalu ribut bawa agama dan a‚Ä¶"
wahananewsdotco,Gubernur Jateng Ganjar Pranowo Klarifikasi Soal Rambut Hitamnya https://t.co/OVVV7jbF19 #GanjarPranowo‚Ä¶ https://t.co/UhP88iej13
Tata_3998,Duet antara Gubernur Jawa Tengah¬†Ganjar Pranowo¬†dan Menteri BUMN Erick Thohir diharapkan jadi penerus kerja Jokowi-‚Ä¶ https://t.co/nYoDBVlLNZ
s_ghiffary,"RT @HelmiFelis_: Sorry tapi yang begini gak pantes untuk jadi BaCaPres

Bahkan untuk bakal calon saja sudah tidak pantas, sorry to say

Kit‚Ä¶"
RahmanjabirJ,"RT @ArdhaniFariz: Meski GANJAR Rambut PUTIH tapi
Gak bise kasih Solusi &amp; Gak Pro Rakyat
Walaupun ANIES Rambut HITAM tapi
Selalu Pro Rakyat‚Ä¶"
ganesa4gp,"Ganjar, Prabowo, Anies, dan Puan, dan pemilih tahu ke4 calon tersebut, 
Ganjar  45,5 %
Anies 24,6 %
Prabowo 21,4 %‚Ä¶ https://t.co/tSsIibRK8Q"
deltaekonenci,"RT @Y07d1_40s1H: DI DEPAN PRABOWO DIA BILANG 2024 JATAH Y PRABOWO..

DI DEPAN GANJAR DIA BILANG PILIHLAH PEMIMPIN YANG RAMBUT Y PUTIH..

DI‚Ä¶"
psikopathati,"RT @HelmiFelis_: Mereka gak bisa baca bahwa sesungguhnya jokowi menghancurkan Ganjar dari dalam

Ini perang antar mereka, kita nonton aja

."
harris_priatama,RT @giginpraginanto: Baru meghadapi mafia level Klaten aja gak berkutik apalagi yang di pusat kekuasaan. Jangan-jangan malah jadi antek. ht‚Ä¶
Marbot_Udien,"RT @AirinAirin_NZ: DiFitnah‚úÖ
DiCaci Maki‚úÖ
Di Gembosi‚úÖ
Apakah @ganjarpranowo membalasnya? TIDAK..
Ganjar hanya bisa diam &amp; Terus bekerja.

D‚Ä¶"
ManahanPSirega1,@ganjarpranowo Kalau seperti ini kan enak lembut kalem penuh kasih sayang Tuhan memberkati Pak Ganjar Pranowo dan p‚Ä¶ https://t.co/jPnUgPUpJU
marv3llll,"RT @p3juangNKRI: Pilihan yang tepat.
GAET bukan hanya merakyat tapi juga berprestasi.üëçüáÆüá©

Jokowi Ingin Penerusnya Merakyat, Pengamat: Ganja‚Ä¶"
SgMarthin,"RT @nusantara_one: NKRI membutuhkan Mahfud MD untuk menghukum mati para koruptor.

@mohmahfudmd juga seorang ulama nasionalis yang menentan‚Ä¶"
p3juangNKRI,"Pilihan yang tepat.
GAET bukan hanya merakyat tapi juga berprestasi.üëçüáÆüá©

Jokowi Ingin Penerusnya Merakyat, Pengamat‚Ä¶ https://t.co/uBiGIuyMob"
WartaEkonomi,"Sibuk Endorse Ganjar Pranowo Jelang Tutup Jabatan, Jokowi Dikuliti: Bukannya Tuntaskan Masalah... https://t.co/QnwuGNms7H"
fatm_wat,"Ganjra Berhasil Ungguli Anies DI SUMUT Dan KALTIM
#ganjarpranowo
#ganjar_pranowo
#ganjarkita
#ganjaruntukindonesia‚Ä¶ https://t.co/3ZWF4laBy3"
Amanda_Lars,"elektabilitas ganjar unggul di kaltim
#ganjarpranowo
#ganjar_pranowo
#ganjarkita
#ganjaruntukindonesia‚Ä¶ https://t.co/SDgYi6RyiP"
hanindidin,"Ganjra Berhasil Ungguli Anies DI SUMUT Dan KALTIM
#ganjarpranowo
#ganjar_pranowo
#ganjarkita
#ganjaruntukindonesia‚Ä¶ https://t.co/FfywB6QP9i"
cici_paramin,"Ganjar berhasil ungguli Anies.

#ganjarpranowo
#ganjar_pranowo
#ganjarkita
#ganjaruntukindonesia
#sahabatganjar‚Ä¶ https://t.co/XseW0PsEey"
dinar_ken88,"SURVEI:GANJAR BERHASIL UNGGULI ANIES DI SUMUT DAN KALTIM.
#ganjarpranowo
#ganjar_pranowo
#ganjarkita‚Ä¶ https://t.co/4QsvZv2SZN"
astipatrika,"Ganjar berhasil ungguli Anies.

#ganjarpranowo
#ganjar_pranowo
#ganjarkita
#ganjaruntukindonesia
#sahabatganjar‚Ä¶ https://t.co/zy9o0Q8h87"
wiwis4253,"Survei Charta Poltika : Ganjar Berhasil Unggul Anies Di Sumut Dan Kaltim
#ganjarpranowo
#ganjar_pranowo
#ganjarkita‚Ä¶ https://t.co/yhAbHYKMCx"
atra_sam,"elektabilitas ganjar unggul di kaltim
#ganjarpranowo
#ganjar_pranowo
#ganjarkita
#ganjaruntukindonesia‚Ä¶ https://t.co/04f8vuYY5D"
FitriSelfi5,"Survei Charta Politika:Ganjar Berhasil Ungguli Anies Di Sumut dan Kaltim

#ganjarpranowo
#ganjar_pranowo‚Ä¶ https://t.co/W48nTDiCMZ"
jumarni_mar,"Survei Charta Politika: Ganjar Berhasil Ungguli Anies di Sumut dan Kaltim
#ganjarpranowo
#ganjar_pranowo‚Ä¶ https://t.co/7BuiiXgxIy"
diyah_purn,"Survei Charta Politika: Ganjar Berhasil Ungguli Anies di Sumut dan Kaltim
#ganjarpranowo
#ganjar_pranowo‚Ä¶ https://t.co/p70QqXxHvo"
azizah53250312,"SURVEI:GANJAR BERHASIL UNGGULI ANIES DI SUMUT DAN KALTIM.
#ganjarpranowo
#ganjar_pranowo
#ganjarkita‚Ä¶ https://t.co/BHm6RA0Bc9"
sidar48298337,"Survei Charta Poltika : Ganjar Berhasil Unggul Anies Di Sumut Dan Kaltim
#ganjarpranowo
#ganjar_pranowo
#ganjarkita‚Ä¶ https://t.co/ZGaki1qt82"
semangalitow,"RT @03__nakula: Jangan sampai kita terbawa suasana hujan yang mengguyur.

Gimanapun, Indonesia harus Bersinar bersama Ganjar Pranowo !!!!‚Ä¶"
Utero2022,"RT @Y07d1_40s1H: DI DEPAN PRABOWO DIA BILANG 2024 JATAH Y PRABOWO..

DI DEPAN GANJAR DIA BILANG PILIHLAH PEMIMPIN YANG RAMBUT Y PUTIH..

DI‚Ä¶"
marv3llll,"RT @B3doel___: Ganjar Pranowo-Erick Thohir Sosok yang Diinginkan Jokowi

Memang yang dirujuk oleh Presiden Jokowi adalah Bapak Ganjar Prano‚Ä¶"
SgMarthin,"RT @Azhar_k18: https://t.co/460XReWkW3
""Sebanyak 87,5 persen responden pemilih PDIP dan Ganjar Pranowo menyatakan tetap memilih Ganjar Pran‚Ä¶"
t_ludiro_s_c,"RT @t_ludiro_s_c: @AndiSinulingga Pooling sementara, ruang lingkup terbatas, sudah menunjukkan hasil seperti itu.
Maka dapat disimpulkan ba‚Ä¶"
hadycrbn,"RT @Hasbil_Lbs: Yg lalu Anies/AHY (1066 vote) Vs Ganjar/Khofifah (199 vote) 

Nah sekarang saya coba pasangan ini. Siapa yg akan anda pilih‚Ä¶"
Urrangawak,"RT @03__nakula: Jangan sampai kita terbawa suasana hujan yang mengguyur.

Gimanapun, Indonesia harus Bersinar bersama Ganjar Pranowo !!!!‚Ä¶"
Gr4sssss,Si Rambut Putih Ganjar Pranowo Diundang Slank ke Konser Ini https://t.co/p1UnkJ59iY
t_ludiro_s_c,"@AndiSinulingga Pooling sementara, ruang lingkup terbatas, sudah menunjukkan hasil seperti itu.
Maka dapat disimpul‚Ä¶ https://t.co/0CW7Yf0dBo"
HRMalik12,"RT @03__nakula: Jangan sampai kita terbawa suasana hujan yang mengguyur.

Gimanapun, Indonesia harus Bersinar bersama Ganjar Pranowo !!!!‚Ä¶"
utarioep,"Ngapain menunggu laporan masyarakat?
Kementrian ESDM punya fasilitas geoportal yang bisa diakses siapa saja, termas‚Ä¶ https://t.co/o1avo4nS8Q"
marv3llll,"RT @chaterine_8: ""Memang yg dirujuk oleh Presiden Jokowi adlh Bapak Ganjar Pranowo. Pak @erickthohir juga salah satu pemimpin yg sering tur‚Ä¶"
LockWordl,"RT @Urrangawak: Bisa lihat kan Kharisma yang terpancar dari Ganjar Pranowo.

Buang semua keraguan kalian, karena Orang Benar, Pilih Ganjar‚Ä¶"
riverfide,"Misteri Sang Rambut Putih
Terjawab Sudah, yang benar ya Dukung Ganjar https://t.co/2w1ekrv2wA"
SetFeny,"RT @Relawananies: Survei Indopol: Elektabilitas Anies Tembus 30 Persen, Kalahkan Ganjar dan Prabowo

https://t.co/u6v2hFsuSt"
Atiq_Tam,"RT @RedWineMalbec_: Elektabilitas Ganjar Pranowo semakin tidak terbendung, terus melambung, kian membumbung ‚úä

#GanjarHebat 
#GanjarPilihan‚Ä¶"
umam_chaerul,"RT @ferizandra: @panca66 Di depan Prabowo : Saya ini udah 2x... kali ini giliran Pak Prabowo...

Di depan Ganjar : Orang yang rambutnya put‚Ä¶"
hadycrbn,"RT @seanC37866888: INGIN MISKIN ATAU KAYA?

Yang ingin miskin, sila pilih Ganjar Pranowo. 

Yang ingin kaya, sila pilih Anies Baswedan.

#J‚Ä¶"
RexyChristian1,"RT @ChusnulCh__: Tanpa DP, tanpa angsuran, tanpa bermasalah di KPK, dan tanpa kata2 manies menipu demi menang Pilkada.

Bahagianya Warga Ja‚Ä¶"
gindoduri,"RT @ArdhaniFariz: Inilah yg Terjadi sekarang Bro
SURVEI yg Terbaru Bulan ini
Padahal Baru satu MESIN Bro
ANIES Benar2 TANCAP GAS
MAJU Meles‚Ä¶"
Iseng57185173,"RT @Y07d1_40s1H: DI DEPAN PRABOWO DIA BILANG 2024 JATAH Y PRABOWO..

DI DEPAN GANJAR DIA BILANG PILIHLAH PEMIMPIN YANG RAMBUT Y PUTIH..

DI‚Ä¶"
ChannelBobotoh,"RT @VIVAcoid: Charta Politika: Elektabilitas Ganjar Teratas, Kalahkan Anies dan Prabowo https://t.co/Mzonk7JTEl"
Hasanudin,"RT @Mi9aWempy: ü§≠ü§≠
Saat kadrun ¬≤ masih ribet 
cari sponsor demi, 
Demi nasbung berkaret 2..

. 
.. 
Jateng sudah sampai metaverse, 
Hebat Pa‚Ä¶"
H4l1mun_D1n61n,"RT @VIVAcoid: Charta Politika: Elektabilitas Ganjar Teratas, Kalahkan Anies dan Prabowo https://t.co/Mzonk7JTEl"
03__nakula,"Jangan sampai kita terbawa suasana hujan yang mengguyur.

Gimanapun, Indonesia harus Bersinar bersama Ganjar Pranow‚Ä¶ https://t.co/YPrnsiP96i"
ZaemKribo,"@msaid_didu @ganjarpranowo harusnya mikir 
Ngatasin Jawa tengah dulu sampai makmur
Jangan ngotot maju calon preside‚Ä¶ https://t.co/QeBDHc0z0u"
erwinrfaizal,"RT @Dananjaya012: Nah gini dong rameee, Relawan Jokowi vs Relawan PDIP vs Relawan Ganjar. Satu kubu gontok2an seru juga nih untuk ditonton.‚Ä¶"
arief2hidayat,"@HelmiFelis_ kalau dia berani sekarang, ya Nothing to lose, kemungkinan juga udah ada deal-dealan... tambang ilegal‚Ä¶ https://t.co/D3QWPLsyw5"
disperkimpml,Disperkim Pemalang melakukan peninjauan Program Tuku Lemah Oleh Omah (Beli Rumah Dapat Rumah) yang dicetuskan Guber‚Ä¶ https://t.co/M0c1BtsFNG
ChannelBobotoh,RT @VIVAcoid: Charta Politika: PDIP Berpotensi Ditinggalkan Pemilih Jika Tak Usung Ganjar Capres 2024 https://t.co/RgL5YLbs9U
sidar48298337,"Ganjar Bangun 2.352 Desa Mandiri Energi. Jateng Jadi Contoh Internasional
#ganjarpranowo
#ganjar_pranowo‚Ä¶ https://t.co/QEPG8WzbIi"
cici_paramin,"Ganjar bangun 2.352 desa mandiri energi.

#ganjarpranowo
#ganjar_pranowo
#ganjarkita
#ganjaruntukindonesia‚Ä¶ https://t.co/ts8X0xQ920"
jumarni_mar,"Ganjar Bangun 2.352 Desa Mandiri Energi, Jateng Jadi Contoh EBT Nasional
#ganjarpranowo
#ganjar_pranowo
#ganjarkita‚Ä¶ https://t.co/yBSe1XcjA3"
atra_sam,"ganjar jadikan jateng contoh EBT nasional
#ganjarpranowo
#ganjar_pranowo
#ganjarkita
#ganjaruntukindonesia‚Ä¶ https://t.co/om5rja45kE"
hanindidin,"Ganjar Bangun 2.352 Desa Mandiri Energi
#ganjarpranowo
#ganjar_pranowo
#ganjarkita
#ganjaruntukindonesia‚Ä¶ https://t.co/Jo3YFbhRwN"
uni19707402,"GANJAR BANGUN 2.352 Desa Mandiri Energi. Jateng jadi EBT Nasional 
#ganjarpranowo
#ganjar_pranowo
#ganjarkita‚Ä¶ https://t.co/yTZOAaQZ4V"
dinar_ken88,"GANJAR BANGUN 2.352 DESA MANDIRI ENERGI.
#ganjarpranowo
#ganjar_pranowo
#ganjarkita
#ganjaruntukindonesia‚Ä¶ https://t.co/IbJI4BopE8"
caca_hamrun,"GANJAR BANGUN 2.352 DESA MANDIRI ENERGI, JATENG JADI CONTOH EBT NASIOAL

#ganjarpranowo
#ganjar_pranowo
#ganjarkita‚Ä¶ https://t.co/rUDEtkMI7d"
Amanda_Lars,"ganjar jadikan jateng contoh EBT nasional
#ganjarpranowo
#ganjar_pranowo
#ganjarkita
#ganjaruntukindonesia‚Ä¶ https://t.co/ufRBiu0WoS"
diyah_purn,"Ganjar Bangun 2.352 Desa Mandiri Energi, Jateng Jadi Contoh EBT Nasional
#ganjarpranowo
#ganjar_pranowo
#ganjarkita‚Ä¶ https://t.co/0i8XOebMdk"
wiwis4253,"Ganjar Bangun 2.352 Desa Mandiri Energi. Jateng Jadi Contoh Internasional
#ganjarpranowo
#ganjar_pranowo‚Ä¶ https://t.co/UQ3L2o61rr"
fatm_wat,"Ganjar Bangun 2.352 Desa Mandiri Energi
#ganjarpranowo
#ganjar_pranowo
#ganjarkita
#ganjaruntukindonesia‚Ä¶ https://t.co/owAfNOZIcl"
FitriSelfi5,"Ganjar Bangun 2.352 Desa Mandiri Energi, Jateng Jadi Contoh EBT Nasional

#ganjarpranowo
#ganjar_pranowo‚Ä¶ https://t.co/cp7IrMjPq3"
azizah53250312,"GANJAR BANGUN 2.352 DESA MANDIRI ENERGI.
#ganjarpranowo
#ganjar_pranowo
#ganjarkita
#ganjaruntukindonesia‚Ä¶ https://t.co/I0e4VWz2vW"
astipatrika,"Ganjar bangun 2.352 desa mandiri energi.

#ganjarpranowo
#ganjar_pranowo
#ganjarkita
#ganjaruntukindonesia‚Ä¶ https://t.co/SdZysAu4Mw"
EkoPurwanto001,RT @giginpraginanto: Baru meghadapi mafia level Klaten aja gak berkutik apalagi yang di pusat kekuasaan. Jangan-jangan malah jadi antek. ht‚Ä¶
81_adi,"RT @Reesty_Cayah: Gw kira loe masih hormat pada prisideen nul . Gk taunya sejak loe jadi buzzet ganjar si jokoei  loe sebut  JOKODOK .

Sad‚Ä¶"
dewagedepermana,"RT @nusantara_one: NKRI membutuhkan Mahfud MD untuk menghukum mati para koruptor.

@mohmahfudmd juga seorang ulama nasionalis yang menentan‚Ä¶"
arsyakindo100,"buat pak Ganjar jangan GR, menurut jokowi pada kutipan radio Elshinta tadi pagi, bahwa yang berkerut di dahinya dan‚Ä¶ https://t.co/5Xqn3URpOE"
TaruziArip,"@Dennysiregar7 2024 saya pengen liat Tweet lu yg bunyinya sam kek gini, beda kalimat aja 
""Ahh ganjar kalah"""
81_adi,"RT @BangEdiii: gw kira ada apaan kok #jokodok trending, ternyata mas @ChusnulCh__ ngatain kepala negara jokodok.. ga sopan amat nih buzzer‚Ä¶"
gindoduri,"RT @Yurissa_Samosir: @geloraco Rakyat itu Udah Cerdas Pilih Pak Anies karena Terbukti Punya Prestasi dan Berahlak, sedangkan Ganjar Hobi No‚Ä¶"
IdaOnurat,"@VIVAcoid Ganjar dipilih penguasa, Anies dipilih rakyat"
AdeCand65866045,"RT @Relawananies: Kehadiran Anies di Muktamar ke-41 Al-Irsyad Digantikan Ganjar, Refly Harun: Takut Anies Makin Populer

https://t.co/EttpA‚Ä¶"
CahTewe,@pn7l7h @dwioktariyadi @Roomans_86 @kawananraja @AhlulQohwah @Paltiwest Bisa jadi kerutan punya om wowo rambut putih punya pak ganjar ü§≠ü§≠üòÇüòÇ
SemestaBicara11,"RT @Urrangawak: Bisa lihat kan Kharisma yang terpancar dari Ganjar Pranowo.

Buang semua keraguan kalian, karena Orang Benar, Pilih Ganjar‚Ä¶"
Dediy_orlando,@alifaltama @meow_leader @dandanillalimbo @ajicules11 @gibran_tweet wkwkw ngakak nu buzzer suka nyerang capres tert‚Ä¶ https://t.co/FhGqaW5WEU
chaterine_8,"""Memang yg dirujuk oleh Presiden Jokowi adlh Bapak Ganjar Pranowo. Pak @erickthohir juga salah satu pemimpin yg ser‚Ä¶ https://t.co/zLkrJh2O0i"
gumukcandi,@RizkiR4madani @ganjarpranowo Tolong sampaikan pak ganjar https://t.co/AVjwUqJ9ed
Qurni48,"RT @niniek2504: Ganjar, Prabowo, Anies, dan Puan, dan pemilih tahu ke4 calon tersebut, 
Ganjar  45,5 %
Anies 24,6 %
Prabowo 21,4 %
Puan 3,3‚Ä¶"
meipri,Ganjar Pranobo NOnton BOkep
najonghulu,"RT @ferizandra: @panca66 Di depan Prabowo : Saya ini udah 2x... kali ini giliran Pak Prabowo...

Di depan Ganjar : Orang yang rambutnya put‚Ä¶"
dedeeesh,"RT @Y07d1_40s1H: DI DEPAN PRABOWO DIA BILANG 2024 JATAH Y PRABOWO..

DI DEPAN GANJAR DIA BILANG PILIHLAH PEMIMPIN YANG RAMBUT Y PUTIH..

DI‚Ä¶"
HasanKuprit87,@ganjarpranowo Sehat selalu buat pak ganjar
kasrulsani9,"RT @Urrangawak: Bisa lihat kan Kharisma yang terpancar dari Ganjar Pranowo.

Buang semua keraguan kalian, karena Orang Benar, Pilih Ganjar‚Ä¶"
Chaniefnugroho,"RT @udhinjogja: @VIVAcoid @ChartaPolitika asbun ü§£ü§£
Kmarin bilang @NasDem rontok ngusung anies &amp; skarang ngomong @PDI_Perjuangan ditinggal p‚Ä¶"
khentus10,"RT @Hasbil_Lbs: Yg lalu Anies/AHY (1066 vote) Vs Ganjar/Khofifah (199 vote) 

Nah sekarang saya coba pasangan ini. Siapa yg akan anda pilih‚Ä¶"
